Accident_Index,Police_Force,Accident_Severity,Number_of_Vehicles,Number_of_Casualties,Day_of_Week,Local_Authority_(District),Road_Type,Speed_limit,Junction_Detail,Pedestrian_Crossing-Physical_Facilities,Light_Conditions,Weather_Conditions,Road_Surface_Conditions,Urban_or_Rural_Area,Did_Police_Officer_Attend_Scene_of_Accident
200501CW10664,1,3,3,2,2,1,3,30,3,5,4,1,1,1,1
200501CW11407,1,3,1,1,3,2,2,30,3,5,4,1,1,1,1
200501EO40954,1,3,2,1,3,2,6,30,8,0,4,1,1,1,1
200501EO41326,1,3,2,1,7,3,6,30,6,1,4,1,1,1,2
200501FH10618,1,3,1,1,6,11,6,30,0,1,4,1,1,1,1
200501GD10263,1,3,2,1,5,4,3,50,6,5,4,2,2,1,1
200501GD10615,1,3,2,2,7,4,6,30,3,0,4,1,2,1,1
200501JC30259,1,3,1,1,7,13,3,50,0,0,4,1,1,1,1
200501JI40088,1,2,3,2,5,14,6,30,3,0,4,1,1,1,1
200501JI40320,1,3,2,1,3,14,6,30,6,0,4,1,1,1,1
200501KD50130,1,3,1,2,4,15,6,30,0,0,4,1,1,1,2
200501KD50209,1,3,1,1,3,15,1,30,2,0,4,1,1,1,2
200501KF60248,1,2,2,1,5,17,6,30,3,0,4,1,1,1,1
200501KG70451,1,3,2,1,5,16,3,70,0,0,4,1,1,1,2
200501LX50347,1,2,2,1,1,9,6,30,3,1,4,1,1,1,2
200501LX50403,1,3,2,1,7,9,6,30,0,5,4,1,1,1,1
200501LX50475,1,3,3,1,7,9,6,30,3,5,4,1,1,1,1
200501PL60292,1,3,2,1,2,7,6,30,3,0,4,1,1,1,1
200501PY20752,1,3,3,1,4,19,6,30,0,0,4,1,1,1,2
200501QA00088,1,3,2,1,1,28,6,30,6,0,4,1,1,1,1
200501QK00097,1,3,1,1,6,28,1,30,1,0,4,1,1,1,1
200501QK50772,1,3,2,2,4,28,6,30,0,0,4,2,2,1,1
200501QK50853,1,3,2,1,3,28,6,30,0,0,4,1,1,1,1
200501QK50862,1,3,2,1,6,28,6,30,3,0,4,1,1,1,1
200501RG40202,1,3,2,1,6,6,6,30,3,1,4,1,1,1,1
200501RG40757,1,2,1,1,7,6,6,30,3,0,4,1,1,1,2
200501RG40857,1,3,2,1,1,6,6,30,3,0,4,1,1,1,2
200501SX20015,1,3,1,1,3,30,6,30,3,0,4,1,1,1,1
200501TD00230,1,1,1,2,7,7,6,30,3,1,6,1,1,1,1
200501TX20286,1,3,2,1,2,25,6,30,7,5,4,1,1,1,1
200501VW40445,1,3,2,1,6,22,6,30,3,5,4,1,1,1,1
200501WW50019,1,3,2,1,4,10,6,30,3,0,4,1,1,1,1
200501XH30318,1,3,2,1,4,26,6,30,0,0,4,2,2,1,1
200501YE80817,1,3,2,1,1,32,6,30,6,5,4,1,2,1,1
200501ZD30191,1,2,2,1,7,20,6,30,3,0,4,2,2,1,1
200501ZD30244,1,3,2,2,6,20,6,30,3,8,4,2,2,1,1
200501ZD30408,1,3,2,1,5,20,6,30,3,0,4,1,2,1,1
200501ZD30963,1,2,1,2,5,20,6,30,0,0,4,2,2,2,1
200501ZD31381,1,2,2,1,6,20,6,30,3,4,4,1,2,1,1
2.01E+12,3,3,1,1,3,64,3,70,0,0,6,5,2,2,1
2.01E+12,3,2,2,2,3,62,6,60,8,0,6,1,1,2,1
2.01E+12,3,3,2,1,1,62,6,60,3,0,1,1,1,2,1
200504AN05092,4,3,2,1,5,71,1,30,2,0,4,2,2,1,1
200504AX05096,4,3,1,1,7,71,2,30,9,0,4,2,2,1,1
200504BB05044,4,3,1,4,2,76,6,60,3,0,6,1,1,2,1
200504BJ05022,4,3,1,1,1,85,6,30,0,0,4,1,1,1,1
200504DF05057,4,3,2,1,1,79,6,30,3,0,4,1,1,2,1
200504EB05011,4,3,1,3,1,70,6,50,0,0,6,2,2,2,1
200505BB03210,5,3,1,1,7,93,3,30,3,0,4,1,1,1,1
200505CH00173,5,1,3,4,1,90,3,40,0,0,4,1,1,1,1
200505CH00551,5,2,1,1,5,90,3,70,0,0,4,1,1,1,1
200505FF02623,5,3,2,2,1,91,6,30,7,0,4,2,2,1,1
200505FT00394,5,3,2,1,6,91,6,30,6,0,4,1,1,1,2
200506A030498,6,3,1,1,7,102,3,30,0,4,4,1,1,1,1
200506A037298,6,3,2,1,6,102,6,30,0,0,4,1,1,1,1
200506B025488,6,3,1,1,7,102,3,30,0,0,4,1,1,1,1
200506C036673,6,1,2,2,4,102,6,30,3,4,4,1,2,1,1
200506J921314,6,3,3,1,7,109,6,30,0,5,1,1,1,1,1
200506L025353,6,3,1,1,5,114,3,60,3,0,6,1,1,2,1
200506P026297,6,3,1,1,6,106,6,30,0,0,4,1,2,1,1
200506P034361,6,3,1,1,7,106,1,30,1,0,4,1,1,1,1
200506P918871,6,3,2,1,1,106,3,30,1,8,4,1,4,1,2
200506Q025444,6,3,1,1,1,104,6,30,6,0,4,1,1,1,2
200506Q919410,6,3,1,2,7,104,6,30,3,0,4,1,4,2,1
200506X919213,6,3,2,2,3,107,3,70,0,0,1,1,1,1,1
2.01E+12,7,3,3,1,6,123,6,30,3,0,4,1,2,1,1
2.01E+12,7,3,2,1,3,127,1,30,1,0,1,1,1,1,1
2.01E+12,7,3,2,3,1,124,3,60,5,0,1,1,1,2,1
2.01E+12,7,3,2,1,2,128,6,30,0,0,1,1,1,1,1
2.01E+12,7,2,2,1,3,120,3,30,0,0,4,1,1,1,1
2.01E+12,7,2,1,1,3,128,6,30,0,0,1,1,1,1,1
2.01E+12,7,3,2,1,3,121,6,60,8,0,1,1,1,2,2
2.01E+12,7,3,2,3,6,120,6,60,3,0,4,1,2,2,1
200511DC27460,11,3,1,2,2,166,6,60,0,0,6,2,2,2,1
2.01E+12,12,2,1,1,1,185,6,60,0,0,6,1,1,2,1
2.01E+12,12,3,1,1,1,181,6,60,0,0,6,4,1,2,1
2.01E+12,12,3,1,1,6,184,1,30,1,0,4,1,2,2,1
2.01E+12,12,3,2,1,1,189,9,30,6,0,4,3,3,1,1
2.01E+12,12,2,2,1,4,187,6,60,0,0,1,1,4,2,1
2.01E+12,12,3,1,1,6,182,6,60,0,0,6,1,1,2,1
2.01E+12,12,3,1,1,2,189,6,60,0,0,6,1,1,2,2
2.01E+12,12,3,2,1,7,185,6,40,0,0,4,1,1,2,1
2.01E+12,12,3,2,2,7,182,6,30,3,0,1,1,1,1,1
2.01E+12,12,3,1,1,4,182,6,40,0,0,1,1,1,2,1
2.01E+12,12,3,1,1,5,184,6,60,0,0,4,1,2,2,1
2.01E+12,13,3,2,1,1,203,6,30,3,0,1,1,1,1,2
2.01E+12,13,2,2,1,1,204,6,30,3,0,4,8,1,1,1
2.01E+12,13,3,2,1,2,202,6,30,6,0,4,1,1,2,1
2.01E+12,13,2,1,1,6,204,6,30,0,0,4,1,1,1,1
2.01E+12,13,3,3,2,2,200,6,30,6,0,4,1,1,1,1
2.01E+12,13,3,1,2,7,200,6,30,3,0,4,1,1,1,1
2.01E+12,13,3,1,1,6,200,6,30,0,0,4,1,2,1,1
2.01E+12,13,2,1,1,1,204,6,30,0,0,4,1,1,1,1
2.01E+12,13,3,2,1,1,203,6,30,3,0,4,1,2,1,1
2.01E+12,13,2,2,1,6,202,6,30,0,0,4,2,2,1,1
2.01E+12,13,2,1,1,7,203,6,30,3,8,4,1,2,1,1
200514A028805,14,3,2,1,4,211,1,30,1,0,4,1,1,2,2
200514A154905,14,2,1,1,4,211,6,60,0,0,6,1,1,2,2
200514C100905,14,3,3,1,2,213,6,30,0,0,1,1,1,2,1
200514C107805,14,3,2,2,5,213,6,40,9,4,1,1,1,1,2
200514C212205,14,3,2,3,2,213,6,40,8,0,1,1,1,1,1
200514D108405,14,3,2,1,1,215,6,30,6,5,4,1,1,1,1
200514D150605,14,3,2,1,4,215,3,30,9,0,1,1,1,1,2
200514D153705,14,3,2,1,5,215,1,40,1,0,1,1,1,1,2
200514D172705,14,3,1,1,4,215,1,30,2,0,4,1,1,1,1
200514E050005,14,3,1,2,7,215,6,30,3,0,4,1,1,1,2
200514E109205,14,2,2,5,7,215,6,40,6,4,4,1,4,1,1
200514F146005,14,3,2,3,6,215,3,60,0,0,4,2,2,2,1
2005160D00590,16,3,2,1,7,228,6,20,3,0,4,1,1,1,1
2005160D03320,16,2,2,1,5,228,3,40,3,0,4,9,1,1,1
2005160D04960,16,3,2,1,2,228,6,30,3,0,4,1,1,1,1
2005170H10295,17,3,2,2,4,240,6,30,6,0,1,1,1,1,1
200520D148302,20,3,2,3,2,300,6,30,8,0,4,1,1,1,2
200520E065602,20,3,2,1,7,300,3,30,3,8,4,2,2,1,1
200520E143902,20,3,1,1,7,300,6,30,0,0,4,1,1,1,2
200520E150403,20,3,1,1,6,300,6,30,3,0,4,1,1,1,1
200520E202103,20,3,1,1,5,300,6,30,8,0,4,1,2,1,1
200520F085401,20,2,1,1,4,300,2,30,9,0,4,8,1,1,1
200520J004202,20,3,1,1,3,303,6,30,0,0,4,1,4,1,1
200520J021202,20,1,2,3,6,303,3,40,1,0,4,1,1,1,1
200520J055602,20,3,1,1,6,303,6,30,3,0,4,1,1,1,1
200520K076601,20,2,1,1,5,305,6,30,0,4,4,1,1,1,2
200520M038403,20,3,2,2,1,302,6,30,0,0,4,1,1,1,1
2.01E+12,21,3,1,2,5,257,6,30,3,0,4,1,1,1,1
2.01E+12,21,3,1,2,6,253,9,60,0,0,6,2,2,2,1
2.01E+12,21,3,1,1,1,250,6,60,0,0,6,1,1,2,1
2.01E+12,21,3,1,1,5,254,6,60,0,0,6,1,2,2,1
200522CE49926,22,2,1,1,1,277,6,60,0,0,6,1,1,2,1
200522CF47744,22,3,2,1,6,277,6,40,8,0,4,1,1,2,2
200522CF48939,22,3,1,3,3,277,6,30,0,0,6,1,1,2,1
200522EC31237,22,3,1,2,5,285,3,70,0,0,4,1,2,2,1
200522EH33451,22,1,1,2,7,285,6,60,0,0,6,1,1,2,1
2.01E+12,23,3,2,1,6,293,6,30,0,0,4,4,1,2,1
2.01E+12,23,3,2,1,2,290,1,60,1,0,4,1,1,1,1
2.01E+12,23,3,2,1,2,292,6,60,3,0,6,1,1,2,1
200530D000171,30,3,1,1,4,323,6,30,0,0,4,1,1,1,1
200530D000211,30,3,2,1,7,323,1,30,1,0,7,1,2,1,1
20053102B0462,31,3,2,1,7,345,6,60,3,0,6,1,1,2,1
20053102C2312,31,2,1,1,7,346,3,30,0,4,4,1,1,1,1
20053102D1135,31,3,2,2,1,342,3,70,0,0,4,1,1,2,1
200532C507205,32,3,1,1,5,351,6,30,0,1,1,1,1,1,1
200532D507505,32,3,2,6,6,356,6,60,0,0,1,1,1,2,1
2.01E+12,33,3,1,2,1,366,6,60,0,0,6,1,1,2,1
2.01E+12,33,3,4,1,5,360,3,70,0,0,4,1,1,1,1
200534ND01596,34,3,1,1,1,381,6,60,0,0,6,1,1,2,1
200534NN04514,34,3,3,2,4,384,6,30,0,0,4,1,1,1,1
200537B023755,37,3,1,3,6,410,6,60,0,0,6,2,2,2,1
200537G018218,37,2,1,1,5,415,6,60,0,0,6,1,1,2,2
200537L011255,37,3,1,1,2,416,3,70,0,7,4,6,3,2,2
200540D008830,40,3,1,1,5,423,6,60,0,0,6,1,2,2,1
20054100A0239,41,3,3,4,4,432,1,30,1,0,4,1,1,1,1
20054100A0430,41,3,2,1,7,432,6,30,0,0,4,1,1,1,2
20054100T1026,41,3,2,1,4,434,3,70,0,0,4,1,2,2,1
20054100T3281,41,2,3,2,2,436,3,70,0,0,4,2,2,2,1
200542F040409,42,3,3,2,6,462,6,50,0,0,4,1,1,2,1
200542G099112,42,1,1,2,6,456,6,60,0,0,6,1,2,2,1
200542G104412,42,2,3,2,2,456,6,60,0,0,6,1,2,2,1
200542H030607,42,2,1,1,6,460,3,30,6,0,4,1,1,1,1
200543N100095,43,3,1,1,1,477,2,30,3,0,4,9,1,1,2
200543N101045,43,3,2,1,2,480,6,30,0,1,4,1,1,1,2
200543N169055,43,3,2,1,7,476,6,30,3,0,4,1,1,2,1
200543N501105,43,3,2,1,5,476,1,40,1,0,4,1,1,1,1
200543P203075,43,2,1,1,1,482,6,30,0,0,4,1,1,1,1
200543P380045,43,3,2,1,1,485,6,60,3,0,6,1,1,2,1
200543S044075,43,3,3,2,1,479,3,70,0,0,4,1,1,1,1
200543W280125,43,3,3,1,4,475,1,30,2,0,4,1,1,1,1
2.01E+12,44,3,2,1,5,492,6,30,0,0,4,1,1,1,1
2.01E+12,44,3,1,1,1,495,6,30,3,0,6,1,1,1,2
2.01E+12,44,3,2,1,4,496,6,40,3,0,4,1,1,1,1
2.01E+12,44,3,2,1,4,499,3,70,0,0,6,1,1,2,1
2.01E+12,44,3,1,1,3,497,6,60,0,0,6,1,1,2,1
2.01E+12,44,3,2,1,1,498,6,30,3,0,7,1,1,1,1
2.01E+12,44,3,2,1,7,500,1,30,1,0,4,1,1,1,2
2005445SP0077,44,3,2,1,7,500,3,30,0,0,4,1,1,1,2
2005445ST0065,44,3,2,2,6,500,6,30,3,0,4,1,1,1,1
200545MO74360,45,3,2,2,1,512,3,60,0,0,6,2,2,2,1
200545RE76726,45,2,2,2,5,516,3,70,0,0,6,8,4,2,1
200545RE77347,45,2,1,1,7,513,6,30,3,0,4,5,2,1,1
200545SU76181,45,3,3,1,6,515,6,30,3,0,4,1,1,1,2
200545SU76798,45,3,1,1,4,514,6,30,0,0,4,7,2,1,1
200545WA66027,45,3,2,2,6,517,6,50,0,0,6,1,1,2,1
200545WA71799,45,3,1,1,2,517,6,40,0,0,6,1,1,2,1
2.01E+12,46,3,2,1,5,544,3,50,5,0,1,1,1,1,1
2.01E+12,46,3,2,1,2,544,1,50,1,5,1,1,1,2,2
2.01E+12,46,3,2,1,6,544,3,40,3,0,4,2,2,1,1
2.01E+12,46,3,1,1,3,540,3,50,0,0,6,7,2,2,1
2.01E+12,46,3,1,1,6,532,6,60,0,0,6,1,2,2,1
2.01E+12,46,1,3,1,4,539,6,60,0,0,4,2,2,1,1
2.01E+12,46,3,1,1,6,536,6,30,7,0,4,1,1,1,1
2.01E+12,46,2,2,1,2,535,7,30,5,0,1,1,1,1,1
2.01E+12,46,3,2,1,3,540,1,30,1,0,1,1,1,2,1
2.01E+12,46,3,1,1,3,539,6,30,0,0,1,1,1,1,2
2.01E+12,46,3,3,4,5,536,6,60,0,0,1,1,1,2,1
2.01E+12,46,3,1,1,7,536,1,40,1,0,4,1,1,1,1
2.01E+12,46,2,2,1,7,541,6,30,3,0,4,1,1,1,2
2.01E+12,46,3,2,1,2,536,9,30,0,0,1,9,1,1,1
2.01E+12,46,3,1,1,5,538,6,40,0,0,6,1,1,2,1
2.01E+12,46,3,2,1,1,543,3,60,6,4,4,1,1,2,1
2.01E+12,46,2,1,1,7,532,3,50,6,5,5,1,1,2,1
2.01E+12,46,3,1,1,6,536,3,50,0,0,4,1,1,1,1
2.01E+12,46,3,2,2,2,538,6,60,3,0,1,1,1,2,1
2.01E+12,46,3,2,1,3,543,6,30,0,0,1,1,1,1,1
2.01E+12,46,3,4,2,2,543,6,60,0,0,1,1,1,2,1
2.01E+12,46,3,1,1,1,539,6,30,0,0,4,9,1,1,2
2.01E+12,46,3,2,1,7,542,6,30,0,5,4,1,1,1,1
2.01E+12,46,3,2,1,2,541,6,30,8,0,1,1,1,1,2
2.01E+12,46,3,2,1,3,540,6,30,3,0,4,1,1,2,2
2.01E+12,46,3,1,1,4,533,6,60,0,0,6,1,2,2,1
2.01E+12,46,3,1,1,7,543,6,60,0,0,1,1,1,2,1
2.01E+12,46,3,2,1,4,530,1,50,1,0,1,1,1,2,1
2.01E+12,46,3,2,1,1,538,6,30,3,0,1,1,2,1,1
2.01E+12,46,3,2,1,4,535,3,40,0,0,1,1,1,2,1
2.01E+12,46,3,2,1,4,538,3,70,5,0,1,1,1,2,1
2.01E+12,47,3,3,1,1,558,6,30,9,0,4,1,1,1,1
2.01E+12,47,3,2,2,1,565,6,30,3,0,4,1,1,1,2
2.01E+12,47,3,1,1,3,554,6,60,0,0,6,7,2,2,2
2.01E+12,47,3,1,1,7,559,2,20,3,0,4,1,1,1,2
2.01E+12,47,3,1,2,1,565,3,30,9,4,4,1,1,1,1
2.01E+12,47,3,1,1,4,556,6,30,3,0,4,1,1,1,2
2.01E+12,47,3,1,1,7,560,6,30,9,0,4,1,1,1,1
2.01E+12,47,3,1,1,1,559,6,60,0,0,6,1,2,2,1
200550A22B852,50,3,1,2,6,592,6,60,0,0,6,2,2,2,1
200550A33N999,50,3,1,1,6,594,6,30,0,0,1,1,1,2,1
200550B32H669,50,3,1,1,6,593,6,60,0,0,6,8,2,2,1
200550B52A084,50,3,1,1,2,590,6,60,0,0,6,1,2,2,1
200550B53J012,50,3,1,1,1,590,6,60,0,0,6,1,2,2,1
200550D21O542,50,3,2,1,3,581,6,30,3,5,1,1,2,1,1
200550E53J028,50,2,1,1,1,584,6,60,0,0,6,1,1,2,1
200550F41F405,50,3,2,1,1,585,6,60,0,0,6,1,1,2,1
200550F41M793,50,3,2,1,6,585,6,30,3,4,1,2,2,1,1
2.01E+12,52,3,1,1,1,605,2,30,0,0,4,1,1,1,1
2.01E+12,52,3,2,2,1,608,6,30,3,4,4,1,1,1,1
2.01E+12,52,3,1,1,7,608,2,30,3,0,4,1,1,1,1
2.01E+12,52,3,1,1,2,601,6,30,3,0,4,8,2,1,1
2.01E+12,52,3,1,1,5,611,6,60,0,0,1,2,2,2,1
2.01E+12,52,3,3,2,4,606,6,30,0,0,6,2,2,2,1
2.01E+12,52,3,1,1,2,601,6,30,3,0,4,1,2,1,1
2.01E+12,53,3,2,2,2,622,6,50,0,0,6,1,1,2,1
2.01E+12,53,3,2,1,5,621,6,60,6,0,4,1,1,2,1
2.01E+12,53,1,2,8,7,622,6,40,6,0,4,4,2,2,1
2005555B02012,55,3,2,1,1,640,6,30,0,0,4,1,1,1,1
2.01E+264,55,3,1,1,3,642,6,60,0,0,6,1,2,2,1
2005555P05901,55,3,1,1,1,640,6,30,0,0,4,2,2,1,1
2005555P06136,55,3,3,1,7,643,6,30,0,0,4,1,2,1,1
2005555W01898,55,3,2,2,1,645,6,60,0,0,6,1,1,2,1
2005600WR1054,60,3,1,1,6,725,6,30,0,0,4,1,2,1,1
2.01E+12,61,3,1,2,7,733,6,60,3,0,6,1,1,2,1
2.01E+12,61,2,1,2,2,731,6,30,3,0,4,1,1,1,1
2.01E+12,61,2,1,3,6,731,6,40,3,0,4,1,1,1,1
2.01E+12,62,3,2,1,5,741,6,30,3,0,4,2,2,1,1
2.01E+12,62,3,2,3,7,744,6,30,3,0,7,1,1,1,2
2.01E+12,62,3,1,1,7,740,1,60,1,0,4,1,1,1,1
2.01E+12,62,3,1,3,6,745,6,40,0,0,5,1,1,2,1
2.01E+12,62,2,1,1,7,741,6,30,0,0,4,1,1,1,1
2.01E+12,62,3,2,1,4,745,6,30,0,0,4,1,1,1,1
2.01E+12,62,3,1,1,1,740,6,30,0,0,7,1,1,2,1
2.01E+12,62,3,2,1,1,741,6,30,0,0,4,1,1,1,1
2.01E+12,62,3,2,2,6,741,3,30,1,0,4,2,2,1,1
200563AC40805,63,3,1,2,3,751,6,60,0,0,6,1,2,2,1
200591NE13645,91,3,2,6,7,927,6,60,3,0,1,1,1,2,1
200591NK01418,91,3,1,1,2,933,6,60,0,0,6,1,2,2,1
2.01E+12,92,3,2,1,7,930,6,30,3,0,4,6,3,2,1
2.01E+12,92,3,1,1,7,910,6,30,0,0,4,1,1,1,1
2.01E+12,92,2,1,1,2,910,3,30,1,4,4,1,1,1,1
2.01E+12,92,3,1,1,5,910,3,70,0,0,6,1,1,2,1
2.01E+12,92,2,1,1,6,910,6,60,3,0,6,1,2,2,1
2.01E+12,93,3,1,2,4,912,6,60,0,0,6,2,2,2,1
2.01E+12,93,3,1,1,4,934,6,50,0,0,6,8,2,2,1
2.01E+12,95,3,1,1,2,923,6,30,3,0,1,5,1,1,1
2.01E+12,95,2,1,1,6,929,6,60,0,0,5,1,2,2,1
2.01E+12,95,3,2,1,5,923,6,30,3,0,1,1,1,1,2
2.01E+12,95,3,2,1,4,923,6,30,1,0,1,1,1,2,1
2.01E+12,95,3,1,1,4,923,6,30,0,5,4,1,1,1,1
2.01E+12,96,3,1,1,6,939,3,30,0,1,1,1,1,1,1
2.01E+12,96,3,3,5,3,939,6,60,0,0,6,1,4,2,1
2.01E+12,96,3,2,2,1,924,6,60,3,0,4,1,1,2,1
200597AC01012,97,3,1,1,5,926,6,30,6,0,4,2,2,1,1
200597CA00409,97,2,1,1,1,926,6,30,0,0,4,1,1,1,1
200597GC70210,97,3,1,2,5,922,3,70,5,0,6,1,2,2,1
200597QD01708,97,2,2,2,4,938,6,30,8,0,4,5,2,1,1
200597UD20710,97,3,3,1,2,937,6,60,0,0,6,1,1,2,1
200597UD70207,97,3,1,1,1,937,6,60,3,0,6,1,2,2,1
2.01E+12,98,2,1,1,7,917,6,30,9,0,1,1,1,2,1
2.01E+12,98,3,2,1,2,917,6,30,3,5,4,1,1,1,1
2.01E+12,98,3,1,3,3,917,6,60,0,0,6,1,1,2,1
200501EO49110,1,3,1,1,4,2,6,30,3,0,7,1,1,1,1
200501FH10554,1,3,2,1,7,11,6,30,3,0,7,9,1,1,1
200501HT20169,1,3,2,1,1,5,6,30,3,0,4,1,1,1,1
200501JI40871,1,3,2,1,4,14,6,30,3,0,4,2,2,1,1
200501KF60824,1,3,2,2,4,17,3,30,7,0,4,1,1,1,1
200501TB00253,1,3,2,2,7,30,3,50,0,0,4,1,1,1,1
200501TB09040,1,3,2,1,1,30,6,30,0,0,4,2,2,1,1
200504AL05025,4,3,1,1,1,74,6,30,7,1,4,1,1,1,1
200504CM05080,4,3,2,2,7,83,6,30,0,0,4,1,1,1,1
200504DF05112,4,3,1,3,2,79,6,60,3,0,7,1,1,2,1
200504F034905,4,3,2,1,1,82,6,30,3,0,4,2,2,1,1
200506L033714,6,3,1,1,6,114,6,30,6,5,4,2,2,1,1
2.01E+12,7,3,3,1,6,128,6,30,3,0,4,1,1,1,1
2.01E+12,10,3,1,4,6,144,6,60,0,0,6,2,2,2,1
2.01E+12,10,3,2,1,1,149,3,70,3,0,6,1,1,2,1
2.01E+12,10,2,3,2,6,147,6,30,0,0,4,1,3,1,1
2.01E+12,13,2,1,2,5,206,6,30,0,0,4,1,1,1,1
2005160C07030,16,3,2,5,4,231,6,30,0,0,4,1,1,2,1
2005160D02240,16,3,2,1,1,228,6,30,3,0,4,1,2,1,1
2.01E+12,21,2,1,1,4,256,6,30,3,0,4,1,2,1,1
2.01E+12,21,3,1,1,5,256,6,50,0,0,4,2,2,2,1
2.01E+12,21,3,2,1,7,255,6,40,3,0,6,2,2,2,1
200522GA39809,22,3,2,2,6,284,6,30,0,0,4,1,1,1,1
200522GB40229,22,2,1,1,6,284,6,30,0,0,4,1,1,1,1
200530C000192,30,3,1,3,6,327,6,60,0,0,6,7,2,2,1
200532D050505,32,3,1,1,1,356,6,60,0,0,6,8,2,2,1
200537B022340,37,1,1,2,7,413,3,50,0,0,6,1,1,2,1
2.01E+12,40,2,3,4,5,420,6,60,1,0,4,1,1,1,1
200540B009370,40,3,1,1,2,420,6,40,0,0,4,1,1,2,1
20054100T2109,41,3,2,1,3,435,3,70,0,0,6,1,1,1,1
20054100T2123,41,2,1,4,1,435,7,70,5,0,6,1,2,2,1
200543P187015,43,3,1,2,7,471,1,60,0,0,6,1,2,2,1
2.01E+12,44,3,2,1,2,491,1,30,3,0,4,1,1,1,1
2005445WA0021,44,2,1,1,5,501,6,60,0,0,6,1,1,2,1
200545GU73420,45,3,1,1,6,511,6,30,3,5,4,2,2,1,1
200545WO71142,45,2,2,4,1,518,6,30,9,0,4,1,1,1,1
2.01E+12,47,2,1,1,7,564,6,30,3,0,4,1,1,1,1
2.01E+12,52,3,2,1,7,611,3,70,0,0,6,8,1,2,1
200554CP48005,54,2,1,2,3,631,9,60,0,0,6,1,2,2,1
2005600GN8030,60,3,1,1,1,722,6,30,0,0,1,1,1,2,1
2.01E+12,61,1,1,5,1,731,6,30,0,0,4,1,1,1,1
2.01E+12,62,2,2,1,7,741,6,30,6,0,4,1,1,1,1
2.01E+12,62,3,1,1,1,740,6,30,8,0,4,1,1,1,1
200563AC18405,63,3,2,1,5,751,6,60,3,0,6,1,1,2,1
200591NP04190,91,2,1,2,2,927,6,60,0,0,6,2,2,2,1
2.01E+12,92,3,1,2,7,911,6,60,0,0,6,5,2,2,2
2.01E+12,95,3,2,2,2,923,6,30,7,5,4,1,1,1,1
2.01E+12,95,2,2,3,7,914,6,60,0,0,6,1,2,2,1
200501QK50469,1,3,1,1,4,28,6,30,0,0,4,1,1,1,1
200501TX20241,1,3,1,1,1,25,6,30,0,0,4,1,1,1,1
200501TX20746,1,3,1,1,6,25,6,30,0,0,4,8,4,1,1
2.01E+12,3,2,1,1,5,62,6,30,6,5,4,1,4,1,1
200506A029367,6,3,2,1,6,102,3,30,3,0,4,1,1,1,1
2.01E+12,10,3,3,3,1,148,6,30,0,0,4,1,1,2,1
200511BD03030,11,3,1,1,6,163,6,30,0,4,4,1,2,2,1
2.01E+12,13,3,1,2,7,203,6,30,0,0,4,1,1,2,1
2.01E+12,13,2,3,1,5,202,6,30,3,0,4,1,1,1,1
2.01E+12,13,3,2,1,4,200,1,30,1,1,4,1,2,1,1
200520G059602,20,3,1,1,1,309,6,30,0,0,4,1,1,1,1
200520J019002,20,3,2,2,7,303,6,30,6,0,4,1,2,1,1
200520J067702,20,3,2,2,7,303,6,30,6,0,4,1,1,1,1
200520M054402,20,3,2,1,1,302,6,30,3,0,4,1,1,1,1
200520Z008601,20,3,2,1,7,305,3,70,0,0,4,1,1,2,1
2.01E+12,21,3,2,4,6,257,6,30,3,0,4,1,1,1,2
2.01E+12,21,2,1,1,7,250,6,30,3,8,4,2,2,1,1
2.01E+12,23,2,1,1,7,294,6,30,3,0,4,1,1,1,1
20053102B1231,31,3,2,2,7,341,6,30,3,0,4,1,1,1,1
200532D544205,32,3,2,1,1,353,6,40,3,0,4,1,1,1,1
200540B020570,40,2,1,3,4,420,1,30,1,0,4,1,1,1,1
20054100J2160,41,3,2,1,6,33,1,30,1,8,4,1,1,1,1
200543P002105,43,3,1,1,7,481,6,60,0,0,6,2,2,2,1
200543P046085,43,3,1,1,1,483,3,70,0,0,6,1,1,2,1
2.01E+12,44,3,3,1,7,492,6,40,0,0,4,1,1,2,1
2.01E+12,47,3,1,1,7,563,6,40,0,0,7,9,2,2,1
2.01E+12,47,3,1,1,1,559,6,60,0,0,6,1,1,2,1
2.01E+12,47,3,2,1,4,551,6,30,3,0,4,1,1,1,1
2.01E+12,53,3,1,2,1,624,6,30,0,0,4,1,2,1,1
200554DE17605,54,3,2,1,1,633,1,40,1,0,4,1,1,1,1
200554DH50805,54,3,2,1,6,633,6,30,8,0,4,3,4,2,1
200563BC18905,63,3,5,2,1,750,6,60,0,0,6,1,2,2,1
200501CP00113,48,3,1,4,2,570,3,30,7,5,4,1,1,1,1
200501EO41447,1,2,1,1,5,3,6,30,0,0,4,2,2,1,1
200501TA00273,1,3,2,1,1,2,6,30,6,5,4,1,1,1,1
200501TC00340,1,3,3,1,5,14,3,40,6,5,4,1,1,1,1
200501ZT80495,1,3,1,2,2,21,6,30,0,0,4,1,1,1,1
2.01E+12,12,3,1,1,6,182,6,60,0,0,6,1,2,2,-1
2.01E+12,12,2,1,2,2,182,6,60,0,0,6,1,1,2,1
2.01E+12,13,3,2,1,7,204,6,40,0,8,1,1,1,1,1
2.01E+12,21,3,2,7,7,257,6,30,0,0,4,1,1,1,1
2.01E+12,21,2,2,1,7,253,6,30,3,1,4,1,1,2,1
200530B000364,30,3,1,1,2,325,6,60,0,0,6,5,2,2,1
200530D000852,30,2,2,3,7,328,6,60,0,0,6,1,1,2,1
20053102B0337,31,2,1,1,1,341,6,60,0,0,6,4,2,2,1
200532C045805,32,3,1,4,7,351,6,60,3,0,6,1,1,2,1
200532C051205,32,3,1,3,6,351,6,30,3,0,4,1,1,2,2
2.01E+12,33,3,1,1,1,364,6,30,3,0,4,1,2,2,1
2.01E+12,35,3,1,1,4,393,6,60,0,0,4,1,1,1,1
200537L011749,37,3,2,1,5,416,6,40,0,4,4,2,2,2,1
200540B033660,40,3,1,2,5,422,3,70,1,0,4,7,2,2,1
200540D008340,40,3,2,1,7,422,6,60,3,0,7,1,1,2,1
20054100K0740,41,3,2,1,2,430,6,30,0,0,4,1,2,1,1
200542A047509,42,2,1,1,2,463,6,30,3,0,4,1,1,2,1
200542C020704,42,3,1,1,6,454,6,60,0,0,6,1,1,2,1
200545WA67925,45,3,1,1,5,517,6,60,0,1,6,1,1,2,1
2.01E+12,47,3,1,1,5,558,6,60,0,0,6,1,1,1,1
200550A32I046,50,3,5,1,1,594,6,30,0,0,1,1,1,2,1
200550E61G164,50,3,1,1,7,589,6,60,0,0,6,2,2,2,1
200550F31H273,50,3,2,1,7,587,9,30,0,0,1,1,1,1,1
2.01E+12,52,3,1,1,4,612,6,40,3,0,4,1,1,1,1
2.01E+12,52,3,2,1,7,601,6,30,0,0,4,5,2,1,1
200554AN53105,54,3,1,1,3,632,6,60,0,0,6,1,1,2,1
2005555W04360,55,2,2,1,2,646,6,30,3,0,4,1,1,2,1
2.01E+12,62,3,1,2,1,741,3,30,0,0,4,1,1,1,1
200597EC70203,97,2,2,1,7,926,3,50,0,0,4,1,1,1,1
2.01E+12,98,3,1,1,1,917,6,60,0,0,6,1,1,2,1
200501CW10598,1,3,2,1,4,1,6,30,3,0,4,1,1,1,1
200501CW11639,1,3,1,1,4,1,7,30,5,0,4,2,2,1,1
200501EO40082,1,3,2,1,1,3,6,30,3,1,4,1,1,1,1
200501HT20575,1,3,2,4,1,5,3,30,7,5,4,1,1,1,1
200501JC30088,1,3,1,1,6,13,6,30,6,0,4,2,2,1,1
200501JC30900,1,3,1,2,7,13,3,50,0,0,4,1,1,1,1
200501KD50678,1,3,2,2,1,15,3,50,6,5,4,1,1,1,1
200501KF60744,1,3,1,1,3,17,1,30,1,0,4,2,2,1,1
200501MM70077,1,3,2,1,7,8,6,30,1,0,4,1,1,1,1
200501MM71030,1,3,2,1,2,8,6,30,3,5,4,1,1,1,1
200501PL60361,1,2,1,1,1,7,6,30,0,0,4,1,1,1,1
200501RG40471,1,3,2,2,7,6,7,50,0,0,4,1,1,1,2
200501SX20033,1,3,2,1,2,30,3,40,3,0,4,2,2,1,1
200501SX20065,1,3,2,1,3,30,6,30,3,0,4,1,1,1,1
200501TB00227,1,1,1,1,1,28,6,30,0,4,4,1,1,1,1
200501TB00376,1,1,1,2,2,30,6,30,3,1,4,2,2,1,1
200501TW60067,1,3,1,1,1,24,6,30,3,8,4,1,1,1,1
200501TX20757,1,3,2,1,3,25,6,30,3,0,4,1,1,1,1
200501XD80065,1,3,1,1,3,27,6,30,0,0,4,1,4,1,1
200501ZD30903,1,3,1,2,5,20,6,30,0,0,4,1,1,2,1
200501ZD30962,1,2,2,3,1,20,6,30,7,0,4,1,1,1,1
200501ZT80032,1,3,1,1,7,21,6,30,3,8,4,1,1,1,1
2.01E+12,3,3,2,1,2,62,6,30,0,0,4,1,2,1,1
200504AX05027,4,3,1,1,4,71,6,30,0,0,4,5,2,1,1
200504CJ05067,4,2,1,1,1,84,6,30,0,0,4,1,1,1,1
200504CJ05074,4,2,1,2,1,84,6,30,9,0,4,1,2,1,1
200504EN05081,4,3,1,1,5,80,6,60,3,0,6,1,1,2,1
200504TA05020,4,2,5,7,4,76,3,70,0,0,6,1,1,2,1
200505AA02088,5,2,1,2,1,95,6,30,3,8,4,1,1,1,1
200505AW00797,5,3,1,2,7,95,6,30,0,0,4,1,1,1,1
200505BB04232,5,3,2,1,5,93,6,30,0,0,4,1,1,1,1
200505CH00184,5,2,2,2,5,90,6,30,0,0,4,8,2,1,1
200505CH00426,5,1,2,1,4,90,6,30,6,0,4,1,1,2,1
200505ET01230,5,3,2,4,5,91,2,30,3,0,4,1,1,1,1
200506B033015,6,3,2,1,2,102,6,30,3,0,4,1,1,1,2
200506C922128,6,3,1,1,3,110,1,30,1,0,4,1,1,1,1
200506F029201,6,3,1,1,7,107,3,50,6,7,4,1,2,1,1
200506F041384,6,3,1,2,6,107,6,30,3,8,4,1,1,1,1
200506J032909,6,3,1,1,7,109,6,30,0,0,4,1,1,1,1
200506J034683,6,3,2,1,4,109,6,30,6,0,4,1,1,1,1
200506K027890,6,3,3,2,1,100,6,30,6,0,4,2,2,1,1
200506K030814,6,3,1,1,7,100,6,30,6,0,4,1,1,1,1
200506L031155,6,2,1,3,4,114,6,30,3,0,4,1,1,1,1
200506N042114,6,3,2,1,3,101,6,30,3,0,4,1,1,1,1
200506Q024360,6,3,2,1,1,104,6,30,3,0,4,1,1,1,1
200506Q032740,6,3,2,2,7,104,6,30,3,0,4,1,1,1,1
2.01E+12,7,3,2,1,1,127,6,30,3,0,5,1,1,1,1
2.01E+12,7,3,1,1,4,122,6,60,3,0,1,1,1,2,1
2.01E+12,7,3,3,1,7,127,6,30,3,0,4,1,1,2,1
2.01E+12,10,3,1,2,2,143,6,30,0,0,4,1,4,2,1
2.01E+12,10,3,2,1,1,150,3,30,3,0,4,1,1,1,1
2.01E+12,10,3,2,1,3,147,3,30,3,0,4,1,1,1,1
2.01E+12,10,3,2,2,2,147,2,30,6,0,4,1,1,1,1
2.01E+12,10,3,2,1,1,146,6,30,6,5,4,2,2,1,1
2.01E+12,10,3,1,2,3,144,6,60,0,0,6,1,1,2,1
2.01E+12,12,2,1,2,6,180,6,60,9,0,6,1,2,2,1
2.01E+12,12,3,1,1,1,180,6,60,0,0,6,1,2,2,1
2.01E+12,12,2,2,2,3,182,6,60,8,0,6,1,2,2,1
2.01E+12,12,3,1,1,1,186,6,30,0,0,4,5,2,1,2
2.01E+12,12,3,1,6,7,187,6,60,0,0,6,1,1,2,1
2.01E+12,12,3,2,2,5,189,6,30,3,0,1,1,2,1,1
2.01E+12,12,2,2,3,5,187,6,60,3,0,1,1,2,2,1
2.01E+12,13,3,2,1,4,200,6,30,3,0,1,1,1,1,1
2.01E+12,13,3,1,2,3,204,3,40,1,0,4,1,1,1,1
2.01E+12,13,3,1,1,3,204,9,30,7,5,4,1,1,1,1
2.01E+12,13,3,2,2,1,200,6,30,6,4,4,1,1,1,1
2.01E+12,13,2,1,3,5,204,6,30,0,0,6,1,1,2,1
2.01E+12,13,3,2,3,4,200,6,30,0,0,4,1,1,1,1
2.01E+12,13,3,2,1,7,203,6,40,6,0,4,1,2,1,1
2.01E+12,13,3,1,1,3,204,3,40,0,8,4,1,2,1,1
200514A252005,14,2,1,4,5,211,6,30,0,0,4,1,4,2,1
200514B091505,14,3,2,1,2,210,1,60,1,0,4,1,1,1,1
200514C053605,14,3,2,1,7,213,6,40,0,0,4,1,1,2,1
200514C199005,14,3,1,2,1,213,6,40,0,0,4,1,2,2,1
200514E043405,14,2,2,4,7,215,3,40,3,5,4,2,2,1,1
200514F028205,14,3,1,1,1,215,6,30,0,0,4,1,2,1,2
2005160A01120,16,3,1,1,2,233,6,60,0,0,6,1,1,2,1
2005160C02160,16,3,1,1,1,231,6,40,0,0,4,1,1,2,1
2005160C09910,16,3,1,1,7,231,6,30,0,0,4,1,1,2,1
2005170L40965,17,3,1,1,7,241,6,30,0,0,4,1,1,2,1
2005170M33275,17,2,1,1,6,243,1,60,1,0,4,1,1,2,1
2005170S41205,17,3,2,1,1,245,6,60,3,0,6,1,2,2,1
200520D337701,20,3,1,1,6,300,6,30,0,0,4,1,1,1,1
200520D338903,20,3,2,2,7,300,6,30,3,0,4,1,2,1,1
200520D369202,20,3,2,1,1,300,3,30,0,4,4,1,4,1,2
200520D386503,20,3,3,1,1,300,6,30,6,0,4,1,2,1,1
200520E150703,20,2,1,1,1,300,6,30,0,1,4,1,1,1,1
200520E207503,20,3,2,1,7,300,6,30,6,5,4,1,1,1,1
200520J111901,20,3,1,1,6,303,3,40,0,0,4,1,1,1,1
200520K029702,20,3,3,1,1,305,6,30,0,0,4,1,1,1,1
200520K093202,20,3,1,1,7,305,6,30,8,0,4,1,1,1,1
200520M037402,20,3,1,1,7,302,2,30,3,0,4,1,1,1,1
2.01E+12,21,3,1,1,7,257,6,30,0,0,4,1,1,1,1
2.01E+12,21,3,3,2,7,253,6,30,6,0,4,1,1,1,1
2.01E+12,21,2,2,4,1,254,3,70,3,0,4,1,1,1,1
20052153X0204,21,3,1,1,7,250,6,30,3,0,4,1,2,1,1
200522CC46548,22,3,1,2,1,273,6,30,0,0,4,1,2,2,1
200522CE47862,22,3,1,2,1,277,6,60,0,0,6,1,1,2,1
200522DL46597,22,3,2,4,1,270,1,30,2,0,4,1,2,1,1
200522FE43952,22,3,1,1,5,280,6,60,0,0,6,1,1,2,2
2.01E+12,23,3,1,1,7,293,6,60,3,0,6,2,2,2,1
200530A000691,30,3,1,1,5,320,6,60,0,0,6,1,2,2,1
200530C000173,30,3,1,1,1,321,6,40,3,1,4,1,1,2,1
200530D000156,30,3,2,3,6,323,6,30,3,0,4,1,1,1,1
20053102D0272,31,3,2,1,1,343,6,30,3,0,4,1,2,1,1
20053102D1426,31,3,2,1,5,343,6,60,6,8,6,3,3,2,2
200532C048505,32,3,2,1,3,351,6,30,3,0,4,1,1,1,1
200532D503305,32,3,1,1,6,356,6,60,0,0,6,1,1,2,1
2.01E+12,33,3,1,2,6,360,6,60,0,0,6,1,2,2,1
2.01E+12,33,2,1,2,7,363,3,60,0,0,6,7,4,2,1
200534ND00286,34,2,1,1,6,381,6,60,0,0,6,1,4,2,1
200534NN03075,34,3,2,1,3,384,3,30,0,4,4,1,2,1,1
200534NN06288,34,2,1,1,6,384,6,30,3,0,4,8,4,1,2
200534NW00234,34,3,3,2,2,386,6,60,0,0,6,4,1,2,1
2.01E+12,35,3,1,1,7,393,6,60,0,0,6,1,2,2,1
2.01E+12,35,3,1,1,1,392,1,30,1,8,4,1,4,1,2
2.01E+12,35,3,2,1,4,392,6,60,0,0,6,2,2,2,1
200537B024033,37,3,2,1,5,410,6,60,0,0,6,1,2,2,1
200540D007740,40,3,1,1,1,422,6,40,0,0,6,1,1,2,1
20054100C0065,41,1,1,2,2,436,6,60,0,0,6,1,2,2,1
200542A047309,42,3,1,1,2,451,3,70,0,0,6,1,1,2,1
200542A075012,42,2,1,1,6,451,6,60,0,0,6,1,2,2,2
200542C071911,42,3,1,1,6,458,6,60,0,0,6,1,4,2,1
200542D037411,42,3,2,1,7,461,6,30,3,0,7,9,4,2,2
200542F047311,42,2,1,1,4,462,6,60,0,0,4,2,2,2,1
200542H053112,42,3,1,1,2,460,3,30,0,0,4,1,2,1,1
200542J022106,42,3,1,2,4,459,3,70,0,0,4,1,1,1,1
200543N120085,43,1,1,1,1,480,6,60,0,0,6,1,1,2,1
200543P307095,43,3,1,1,7,484,6,30,3,0,4,1,1,2,1
200543P421125,43,3,1,1,1,484,6,30,0,0,4,1,2,2,2
200543W380075,43,3,4,2,6,472,6,30,0,0,4,1,1,1,2
200543W391045,43,3,2,1,6,475,6,40,3,0,7,1,1,1,2
200543W521055,43,3,2,1,1,475,3,40,3,4,4,1,1,2,1
2.01E+12,44,3,2,1,2,498,6,30,3,0,7,9,1,1,1
2.01E+12,44,1,2,3,6,502,6,60,0,0,6,1,1,1,1
2.01E+12,44,3,3,1,1,499,6,30,3,0,4,1,2,1,1
2.01E+12,44,3,1,1,3,497,6,60,0,0,6,1,1,2,1
2.01E+12,44,3,1,1,1,493,6,40,0,0,4,1,1,1,1
2.01E+12,44,3,2,1,5,496,6,30,0,8,4,1,2,1,1
200545EL66336,45,3,1,1,7,510,3,40,0,0,4,1,1,2,1
200545EL78832,45,3,1,1,7,510,3,40,1,0,4,1,2,1,1
200545GU64128,45,3,1,1,1,511,6,30,0,0,4,1,1,1,1
200545GU68356,45,3,2,1,1,511,6,30,3,0,4,1,1,1,1
200545RE70540,45,3,1,1,5,513,1,30,1,8,4,1,1,1,1
200545TA66856,45,3,1,1,4,516,3,70,0,0,6,1,1,2,1
200545WO66819,45,3,1,2,6,518,6,40,3,0,6,1,1,2,1
2.01E+12,46,3,2,1,1,544,6,30,6,5,4,1,2,1,1
2.01E+12,46,3,3,1,4,544,6,30,0,0,4,1,2,1,1
2.01E+12,46,3,2,3,7,532,6,40,0,0,4,1,2,1,1
2.01E+12,46,3,2,2,7,532,6,60,0,0,4,1,1,2,1
2.01E+12,46,2,1,1,7,543,6,60,0,0,6,2,2,2,1
2.01E+12,46,3,3,1,7,531,6,40,3,0,1,4,1,2,1
2.01E+12,47,3,1,1,1,563,6,30,0,0,7,1,1,1,2
2.01E+12,47,1,1,1,1,554,6,60,0,0,6,1,1,2,1
2.01E+12,47,3,1,2,2,552,6,30,0,0,4,1,1,1,1
2.01E+12,47,3,1,1,7,559,6,60,9,0,6,5,2,2,2
200550A22G491,50,3,1,1,1,592,6,60,0,0,6,1,1,2,1
200550A31L011,50,3,1,1,7,594,6,30,0,0,1,2,2,1,1
200550B21B387,50,3,2,1,6,593,6,30,0,0,1,1,2,2,1
200550B41I009,50,2,1,1,7,595,6,60,0,0,1,2,2,2,1
200550B53P104,50,2,1,1,1,590,6,60,0,0,1,1,2,2,1
200550B61P434,50,3,2,2,1,590,6,50,0,0,6,1,2,2,1
200550D21F502,50,3,2,1,3,580,6,60,0,0,1,1,1,1,1
200550D41P484,50,3,1,1,5,586,6,30,7,0,1,1,2,1,1
200550F41L714,50,2,1,3,7,585,6,40,3,0,6,2,2,1,1
2.01E+12,52,3,1,1,3,608,6,30,0,0,4,1,1,2,1
2.01E+12,52,3,2,1,7,610,1,30,1,0,4,1,1,2,1
2.01E+12,52,3,2,1,7,605,6,30,3,0,4,1,1,1,2
2.01E+12,52,3,1,1,4,601,6,30,0,0,4,2,2,1,1
2005600FL1038,60,3,1,1,7,724,6,30,0,0,4,1,1,2,1
2005600GN8024,60,3,1,1,1,722,6,30,3,0,4,1,1,2,2
2.01E+12,62,3,1,1,6,743,6,30,3,0,4,1,2,1,1
2.01E+12,62,3,2,1,3,741,3,30,3,0,7,9,1,1,1
200563DP49005,63,2,1,1,6,753,6,60,0,0,4,1,2,2,1
200591NE30346,91,3,1,4,7,927,6,40,0,0,6,5,2,2,2
200591NP05877,91,3,1,2,5,927,9,60,0,0,6,1,1,2,1
2.01E+12,92,3,1,1,7,930,6,60,0,0,6,1,1,2,1
2.01E+12,92,2,1,1,1,911,6,30,0,0,4,1,1,2,1
2.01E+12,92,3,3,1,3,910,6,30,0,0,4,1,2,1,1
2.01E+12,94,3,1,1,7,925,6,30,0,0,4,1,1,2,1
2.01E+12,95,3,3,1,1,923,6,30,0,0,4,2,2,1,1
2.01E+12,95,2,2,1,5,923,6,30,0,0,4,2,2,1,1
200597AB02001,97,3,2,1,6,926,2,30,6,4,4,1,1,1,1
200597CB01903,97,3,2,1,1,926,6,30,6,5,4,2,2,1,1
200597CD02101,97,3,1,1,7,920,6,30,0,0,4,1,2,1,1
200597EA00312,97,2,1,1,1,926,6,30,6,5,4,2,2,1,1
200597KB01510,97,3,3,2,3,935,6,30,6,0,4,1,1,1,1
200597NA00604,97,3,2,1,3,932,6,30,3,0,4,8,2,1,1
200597NA70202,97,3,1,1,7,932,3,70,0,0,4,2,2,1,1
200597NC02411,97,2,1,1,4,932,6,30,0,0,4,1,2,2,1
200597QA00509,97,3,1,2,7,938,6,30,0,0,4,1,1,1,1
200597QC02005,97,3,1,2,1,938,6,60,0,0,6,1,1,2,1
200597UA01211,97,2,2,2,3,931,6,60,9,0,6,4,1,2,1
200597UA07301,97,3,2,2,6,931,6,30,0,0,4,1,2,1,1
200597UA09910,97,3,1,1,7,931,6,60,0,0,6,1,2,2,1
200501EO41165,1,2,1,1,5,3,1,30,1,5,4,1,1,1,1
200501MM70710,1,3,1,1,6,8,6,30,6,5,4,1,1,1,1
200504A016705,4,3,3,2,2,71,6,30,0,0,4,2,2,1,1
200506C919644,6,3,2,1,3,102,6,30,3,0,4,1,1,1,2
2.01E+12,7,3,2,1,7,127,6,30,3,5,4,1,1,1,1
2.01E+12,10,2,2,2,6,145,6,60,0,0,6,1,1,2,1
200514B130305,14,3,1,1,7,210,6,60,0,0,6,1,1,2,1
200520H033202,20,3,4,1,7,307,6,30,0,0,4,1,1,1,1
200520H060801,20,3,3,1,2,307,6,30,3,0,4,1,1,1,1
200520L006101,20,2,2,1,5,306,6,60,8,0,6,1,2,2,1
2.01E+12,21,3,1,1,1,252,6,30,0,0,4,4,2,1,1
200530M010103,30,3,4,2,3,327,3,70,0,0,6,1,1,2,1
2.01E+12,33,3,1,1,5,367,6,30,0,0,4,1,1,1,1
200543P084015,43,3,1,1,4,484,1,60,1,0,4,4,2,2,1
200543P398035,43,3,1,1,4,483,6,50,0,0,6,2,2,2,1
2.01E+12,44,2,1,1,3,495,6,60,0,0,6,2,2,2,1
200545TA68465,45,3,2,2,5,516,3,70,0,0,4,2,2,2,1
2.01E+12,46,3,1,2,1,539,6,60,0,0,7,1,1,2,1
2.01E+12,46,3,1,1,7,540,3,70,0,0,4,1,2,2,1
200550D21C670,50,3,1,1,2,581,6,30,9,4,1,1,1,1,1
200550E31C961,50,3,3,2,4,583,3,70,0,0,6,1,1,1,-1
2.01E+12,62,2,1,3,6,744,6,60,0,0,6,1,1,2,1
2.01E+12,92,3,2,1,5,930,1,30,1,0,4,2,2,2,1
200501VW49059,1,3,2,1,1,22,6,30,3,0,4,1,2,1,1
200501ZD31131,1,3,3,2,1,20,6,30,7,5,4,1,1,1,1
200504BA05149,4,3,1,1,1,76,2,40,3,7,4,1,2,2,1
200505EE02115,5,3,1,1,4,91,6,30,3,4,4,2,2,1,1
200506K032378,6,3,2,1,6,100,6,30,0,0,4,1,1,1,1
2.01E+12,10,3,2,1,7,147,3,70,0,0,4,1,2,1,1
2.01E+12,13,3,2,1,2,200,3,30,7,0,4,1,1,1,1
200520E104501,20,2,1,1,5,300,6,30,0,0,4,1,1,1,1
200520E225002,20,3,2,2,2,300,6,30,0,0,4,1,1,1,1
200520F313102,20,3,3,2,1,300,3,30,8,4,4,7,2,1,1
200520K087501,20,3,2,1,1,305,6,30,3,0,4,2,2,1,1
200520K127602,20,3,2,1,4,305,6,30,3,0,4,1,2,1,1
2.01E+12,23,1,1,3,7,292,3,70,0,0,6,5,2,2,1
20053102A2426,31,3,1,1,2,344,6,30,3,0,4,1,1,1,1
20053102C0101,31,3,2,1,4,346,6,30,0,0,4,1,1,1,1
200532B061405,32,3,1,1,1,354,6,30,0,0,6,8,1,2,1
2.01E+12,33,1,1,3,2,364,3,30,6,0,4,1,2,1,1
200540B032020,40,2,1,5,2,420,6,30,0,0,4,1,2,2,1
2.01E+12,46,3,2,2,5,544,6,30,0,0,6,2,2,2,1
2.01E+12,47,2,1,1,6,555,6,60,0,0,6,1,1,2,1
2.01E+12,47,3,1,1,7,556,6,60,3,0,4,8,2,2,1
200550C31N934,50,3,4,1,1,582,6,30,0,0,1,1,2,1,1
200550F54G585,50,3,1,1,7,584,6,60,0,0,6,1,1,2,1
2.01E+12,62,3,4,1,2,741,3,70,9,0,6,1,1,2,1
200501EO41378,1,3,1,1,3,2,7,30,6,5,4,1,1,1,1
200501JC30876,1,3,2,1,6,13,6,30,3,0,4,1,2,1,1
200501MM70298,1,3,2,1,4,8,6,30,6,5,4,2,2,1,1
200501QK50492,1,3,2,1,5,2,6,30,0,0,4,1,1,1,1
200501ZD30946,1,3,1,2,3,20,6,30,3,0,4,2,2,1,1
200505AW00649,5,3,1,1,4,95,3,40,0,0,4,1,2,1,1
200505BS00320,5,3,2,1,1,93,6,30,0,0,4,1,2,1,1
200506A920393,6,3,1,1,1,102,6,30,3,0,7,1,1,1,1
200506L032406,6,2,1,1,7,114,2,30,3,0,4,1,1,1,1
200506L040714,6,3,1,1,1,114,6,30,3,0,4,8,4,1,1
200506M041271,6,3,2,2,5,112,6,30,3,0,4,7,2,1,1
2.01E+12,7,2,1,1,7,120,6,60,0,0,6,5,2,2,1
2.01E+12,10,3,1,2,1,150,3,70,0,0,4,1,1,2,1
2.01E+12,10,3,2,1,6,147,6,30,0,4,4,1,2,1,1
2.01E+12,13,1,1,1,5,206,6,40,0,0,4,1,1,2,1
200514C150705,14,3,1,1,5,213,3,70,0,0,6,1,1,2,1
2005160B04380,16,3,1,2,3,232,6,60,0,0,6,1,1,2,1
200520D334201,20,3,2,1,2,300,1,40,1,5,1,1,1,1,1
200520F015202,20,3,2,2,2,300,3,40,6,0,4,1,2,1,1
2.01E+12,21,3,1,1,7,254,6,60,0,0,6,1,1,2,1
200522FJ44134,22,2,1,1,7,279,6,60,0,0,6,1,1,2,1
200522MC43340,22,3,1,1,7,277,3,70,0,0,4,1,1,2,1
20053102C1811,31,2,1,1,4,346,6,30,0,0,4,5,2,1,1
2.01E+12,33,3,2,2,5,364,6,30,8,0,4,1,1,1,1
20054100G0651,41,3,2,2,4,433,3,70,3,0,6,1,1,2,1
200542C009902,42,3,1,3,7,454,3,70,0,0,6,1,1,2,1
200542C041107,42,2,1,1,7,454,1,40,1,0,4,1,1,1,1
200542G070109,42,3,2,1,5,456,3,70,0,0,6,1,1,2,1
200542G079810,42,2,1,2,7,456,6,60,0,0,4,1,1,2,1
200543P022115,43,3,1,1,5,484,6,50,0,0,6,2,2,2,1
200543P171075,43,3,1,4,3,481,6,40,3,0,6,1,1,2,1
2.01E+12,46,2,1,1,1,544,3,70,1,0,4,1,1,2,1
2.01E+12,46,3,1,2,2,542,7,70,5,0,4,1,1,2,1
2.01E+12,47,3,2,2,4,564,6,30,3,0,4,2,2,1,1
2.01E+12,53,2,1,1,1,621,6,60,0,0,6,1,1,2,1
200554DN12805,54,3,1,1,3,633,1,40,1,0,4,1,1,1,1
2.01E+12,62,2,1,1,5,741,6,30,0,0,6,5,2,1,1
2.01E+12,92,3,2,1,6,911,3,60,3,0,1,1,2,2,1
200501EO41019,1,3,1,1,1,3,6,30,3,0,4,1,1,1,1
200501KG70574,1,3,2,1,1,16,6,30,0,4,4,1,2,1,1
200501QK50792,1,3,2,1,5,28,6,30,6,0,4,1,1,1,1
200501QK50836,1,3,2,2,1,28,6,30,6,5,4,1,1,1,1
200501TE00385,1,1,4,6,1,11,7,30,1,0,4,1,1,1,1
200501TW60121,1,3,2,1,2,24,6,30,0,0,4,1,1,1,1
200501XD80327,1,2,1,1,1,27,7,30,0,0,4,1,1,1,1
2.01E+12,3,3,1,1,3,64,6,60,0,0,6,1,1,2,1
200506J031482,6,3,2,1,2,109,3,30,3,5,4,1,1,1,1
200511BE19810,11,3,3,1,5,164,6,60,0,0,4,1,1,2,1
200514A053605,14,3,1,5,6,211,6,60,0,0,6,1,1,2,2
200520K101001,20,3,2,2,1,305,6,30,3,0,4,1,1,1,1
200522DR44898,22,3,2,1,1,270,6,60,0,0,4,1,2,1,1
2.01E+12,23,2,1,3,7,293,6,60,0,0,6,1,1,2,1
200532B528005,32,2,2,1,7,354,6,30,0,0,4,1,1,1,1
200532D005705,32,3,1,1,6,352,6,30,6,4,4,1,1,1,1
2.01E+12,35,3,1,1,1,392,6,60,0,0,6,1,2,2,1
2.01E+12,35,2,2,2,7,395,6,60,3,0,4,1,1,2,1
2.01E+12,36,3,2,2,1,401,6,60,8,0,6,2,2,2,1
200537B023473,37,3,1,1,5,410,6,60,0,0,6,2,2,2,1
20054100G0975,41,3,1,2,7,433,6,60,3,0,6,7,2,2,1
200542E035508,42,3,1,1,3,455,6,30,3,0,4,1,1,1,1
200543P211085,43,3,2,1,6,482,6,30,0,0,4,2,2,1,1
2.01E+12,46,3,1,2,3,539,6,60,0,0,6,7,1,2,1
2.01E+12,46,3,1,4,7,540,3,70,0,0,4,1,1,2,1
2.01E+12,47,3,1,1,1,565,3,30,3,5,4,1,1,1,1
2.01E+12,47,3,2,3,2,563,3,70,0,0,6,1,1,2,1
2.01E+12,47,3,3,1,1,558,6,30,9,0,4,1,4,1,1
200550E41D546,50,3,1,1,4,583,6,30,0,0,1,1,2,1,1
2.01E+12,61,3,1,1,2,731,6,40,0,0,4,8,4,1,1
200591NN03125,91,3,1,1,1,927,3,30,7,4,4,2,2,1,2
200501BS70468,1,3,3,1,3,12,6,30,0,0,4,1,1,1,1
200501CP00275,48,3,1,1,7,570,6,30,3,5,4,1,1,1,1
200501FH10050,1,3,1,1,1,11,6,30,3,5,4,3,2,1,1
200501FH10262,1,3,2,1,7,11,2,30,3,0,4,1,1,1,2
200501GD10661,1,3,2,1,5,4,6,30,3,0,4,1,1,1,1
200501KD50192,1,3,2,2,4,15,3,70,5,0,4,1,1,2,1
200501PY20945,1,3,2,3,1,19,6,30,0,0,4,1,1,1,1
200501QK00084,1,3,2,2,1,28,6,30,3,5,4,1,1,1,1
200501SX00118,1,3,1,1,5,30,6,30,3,0,4,1,2,1,1
200501SX20755,1,3,2,1,7,30,6,30,0,0,4,1,1,1,1
200501SX21126,1,2,1,1,7,30,1,30,2,0,4,1,2,1,1
200501TE00460,1,3,3,1,5,10,6,30,0,0,4,1,1,1,1
200501TE00463,1,3,2,4,4,9,6,30,3,0,4,1,1,1,1
200501TE00483,1,2,1,1,7,23,3,30,3,0,4,1,1,1,1
200501TX20123,1,3,2,1,1,25,3,30,6,0,4,1,1,1,1
200501VW40030,1,3,2,1,1,22,6,30,3,0,4,1,1,1,1
200501WW50733,1,3,2,1,1,10,9,30,0,0,4,1,1,1,2
200501ZD30426,1,3,1,1,6,20,6,30,8,0,4,1,1,1,1
200501ZD31160,1,3,2,1,5,20,6,30,3,0,4,2,2,1,1
200501ZT80297,1,3,2,1,4,21,6,30,6,0,4,1,2,1,1
2.01E+12,3,3,2,1,1,62,6,30,0,0,5,5,2,1,1
2.01E+12,3,3,1,2,6,62,6,60,0,0,6,1,1,2,1
2.01E+12,3,3,2,2,7,61,6,30,3,5,4,2,2,1,1
200504CH05020,4,3,1,1,2,84,6,60,0,0,6,1,2,2,1
200504D006105,4,3,1,1,1,79,6,30,3,0,4,1,1,2,2
200504F028905,4,3,2,1,7,82,3,70,5,0,4,2,2,2,1
200504FL05014,4,3,1,1,2,82,6,60,0,0,6,1,1,2,1
200504FL05068,4,3,3,1,2,82,6,30,0,0,1,1,1,1,1
200505AW01145,5,3,1,1,7,95,6,30,0,0,4,1,1,1,1
200505EE01457,5,3,2,1,3,91,6,30,3,0,4,1,2,1,2
200505ET00004,5,3,1,1,3,91,3,40,3,4,4,1,1,1,1
200505ET00268,5,3,1,1,3,91,6,30,0,0,4,1,1,1,1
200505ET00305,5,3,2,2,4,91,3,30,6,5,4,1,1,1,1
200505ET01259,5,3,3,2,7,91,6,30,3,0,4,1,1,1,1
200505FF02837,5,2,1,1,1,91,6,30,5,0,4,1,2,1,1
200506A027570,6,3,1,1,2,102,6,30,3,0,4,1,1,1,1
200506A038464,6,3,2,1,3,102,6,30,9,0,4,2,2,1,1
200506B038438,6,3,2,1,1,102,6,30,6,0,4,1,2,1,1
200506C031526,6,3,1,1,7,102,6,30,3,0,7,1,1,1,2
200506C034658,6,3,1,2,7,102,3,40,0,0,4,1,1,1,1
200506F026228,6,1,1,1,7,107,6,30,9,0,4,1,1,1,1
200506F039221,6,2,1,1,6,107,6,30,0,0,4,1,1,1,2
200506G035915,6,3,1,1,5,110,6,30,3,0,4,1,1,1,1
200506J033001,6,3,2,1,3,109,6,30,3,0,4,1,1,1,1
200506K918349,6,3,2,2,1,100,6,40,6,0,4,1,2,1,1
200506K921535,6,3,2,1,1,100,6,30,3,0,4,1,1,1,1
200506L920649,6,3,2,1,3,114,6,30,3,0,1,1,2,1,2
200506M040845,6,3,2,1,5,112,3,30,3,5,4,1,2,1,1
200506N039061,6,3,2,1,6,101,6,30,6,4,4,2,2,1,1
200506N921530,6,2,1,3,2,101,6,30,3,0,4,8,4,1,2
200506P024412,6,3,2,2,7,106,6,30,3,0,4,1,1,1,1
2.01E+12,7,3,1,2,1,128,6,60,0,0,5,2,2,2,1
2.01E+12,10,3,2,2,7,147,6,30,3,0,4,1,2,1,1
2.01E+12,10,2,1,1,4,150,6,30,0,0,4,1,1,1,1
2.01E+12,10,3,2,1,1,150,6,30,8,0,4,1,2,1,2
2.01E+12,10,3,1,1,7,143,3,70,0,0,6,1,2,2,1
2.01E+12,10,3,1,1,2,147,6,30,3,0,4,1,1,1,1
2.01E+12,10,3,1,1,4,147,6,30,1,8,4,1,1,1,1
2.01E+12,10,1,1,2,7,146,6,60,3,0,6,1,1,2,1
2.01E+12,10,3,1,1,3,150,3,70,5,0,6,1,1,2,1
2.01E+12,10,3,2,4,1,148,6,30,3,8,4,1,1,1,1
200511BE30840,11,3,1,1,3,164,6,30,3,0,4,1,1,1,1
2.01E+12,12,2,3,2,1,185,6,30,0,0,4,1,1,1,1
2.01E+12,12,3,2,1,6,181,3,70,0,0,1,1,1,2,1
2.01E+12,12,3,2,1,5,181,6,30,0,0,4,1,2,2,1
2.01E+12,13,3,1,1,7,203,6,30,0,0,4,2,2,1,1
2.01E+12,13,3,2,3,7,203,6,30,0,0,4,1,1,1,2
2.01E+12,13,3,3,2,2,206,6,40,0,0,1,1,1,2,1
2.01E+12,13,3,2,1,1,204,6,30,6,0,1,1,1,1,1
2.01E+12,13,3,1,2,1,200,6,30,3,0,4,1,1,1,1
2.01E+12,13,3,1,3,2,206,6,30,0,0,4,1,1,1,1
2.01E+12,13,3,2,3,5,203,6,30,0,0,4,1,2,2,1
200514B071905,14,2,1,1,1,210,1,70,1,0,1,1,1,2,1
2005160A00870,16,2,2,1,7,233,6,30,3,0,4,1,2,1,1
2005160A01440,16,2,1,1,3,233,6,30,3,0,4,1,1,1,1
2005160C05570,16,2,4,2,2,231,6,60,6,0,6,1,1,2,1
2005170L20255,17,3,1,2,6,241,6,30,3,8,4,1,2,1,1
2005170M13215,17,3,1,1,5,243,7,50,0,0,4,1,1,1,1
2005170S40135,17,3,1,1,7,245,6,60,0,0,7,1,2,2,1
200520D013203,20,3,2,1,2,300,6,30,0,0,4,4,1,1,2
200520D378603,20,3,1,1,6,300,6,40,0,4,4,4,1,1,1
200520E081801,20,2,1,1,2,300,3,30,3,4,4,1,1,1,1
200520E171702,20,3,3,4,2,300,6,30,3,0,4,1,2,1,1
200520G040102,20,3,2,2,7,309,6,30,3,0,4,1,1,1,1
200520H003902,20,3,1,1,1,307,6,30,0,0,4,4,2,1,1
200520J064002,20,3,1,3,6,303,6,30,0,0,4,2,2,1,1
200520J090302,20,2,1,1,5,303,6,30,3,4,4,2,2,1,1
200520J100001,20,3,2,1,2,303,6,30,0,0,4,1,1,1,2
200520L210101,20,3,2,1,7,306,6,30,3,4,4,1,2,1,1
2.01E+12,21,3,1,1,7,253,6,30,3,0,4,2,2,1,1
2.01E+12,21,3,2,2,7,250,3,30,3,0,4,2,2,1,1
2.01E+12,21,3,1,1,7,255,6,30,0,0,4,2,2,1,1
200522CC50154,22,3,1,2,1,273,6,60,0,0,6,1,1,2,1
200522DE48189,22,3,1,1,1,274,6,30,0,0,4,1,1,1,1
200522EG32936,22,3,1,1,3,285,6,30,3,0,4,1,1,1,1
200522GA40627,22,3,1,1,6,284,6,40,0,0,4,1,1,1,1
2.01E+12,23,2,1,1,1,294,6,30,6,1,4,4,1,1,1
2.01E+12,23,3,1,2,6,290,3,70,5,0,4,1,1,2,1
2.01E+12,23,3,1,3,5,290,3,70,0,0,6,1,1,2,1
200530A000525,30,3,2,2,7,324,6,60,0,0,6,1,1,2,1
200530D000332,30,3,1,1,1,323,6,30,0,0,4,2,2,1,1
20053102B2712,31,2,1,1,5,345,6,30,3,0,4,1,2,2,1
200534ND04584,34,3,1,1,6,381,6,60,0,0,6,2,2,2,1
200534NN02623,34,2,2,3,2,384,3,30,3,4,4,1,2,1,1
200534TM02680,34,3,1,2,4,381,3,70,0,0,4,1,1,2,1
2.01E+12,35,1,1,4,3,395,3,70,0,0,7,9,1,2,1
2.01E+12,35,3,1,1,7,395,6,60,0,0,6,2,2,2,1
2.01E+12,35,3,2,2,3,395,3,70,5,0,4,1,1,2,1
2.01E+12,35,1,1,1,6,394,6,60,0,0,7,9,1,2,2
2.01E+12,36,3,2,2,5,407,6,60,0,0,1,1,1,2,1
2.01E+12,36,3,1,1,7,402,6,40,3,0,1,1,1,1,1
2.01E+12,36,3,1,1,4,407,2,30,3,0,1,1,1,1,1
2.01E+12,36,3,2,1,5,401,6,30,8,0,1,1,1,1,1
2.01E+12,36,3,2,1,6,405,6,30,0,0,1,1,1,2,1
2.01E+12,36,2,2,2,6,401,6,50,0,0,1,1,1,2,1
2.01E+12,36,3,1,1,7,406,1,60,1,0,1,1,1,2,1
2.01E+12,36,3,3,1,6,402,6,30,3,0,7,1,1,1,1
2.01E+12,36,3,1,1,2,405,6,60,0,0,6,1,1,2,1
2.01E+12,36,3,2,1,6,405,6,60,3,0,1,5,2,2,1
200536T050013,36,3,1,1,4,406,6,60,0,0,6,1,2,2,1
200537G017593,37,3,2,1,4,412,6,30,0,0,6,1,1,1,1
200540D000330,40,3,1,1,2,423,2,30,3,0,4,1,2,1,1
200540D004230,40,3,1,1,1,422,6,30,3,0,7,1,1,2,1
20054100A1063,41,3,1,3,2,432,6,60,0,0,6,2,1,2,1
20054100D0424,41,3,1,1,5,431,6,30,3,0,4,1,1,2,1
20054100F5155,41,3,2,1,6,434,1,30,1,1,4,1,1,1,2
20054100K0589,41,3,2,2,7,430,6,30,3,0,4,8,2,1,1
200542A034507,42,2,1,8,7,451,6,60,0,0,6,1,1,2,1
200542A070911,42,2,2,2,7,463,3,70,0,0,6,8,1,2,1
200542C043908,42,2,1,2,7,458,6,60,0,0,6,1,1,2,1
200542C076112,42,3,3,2,5,454,3,70,0,0,6,1,1,2,1
200542E034308,42,1,1,3,6,455,7,70,0,0,6,1,1,2,1
200542G026804,42,3,2,1,3,456,6,30,0,0,4,2,2,1,1
200542H037809,42,3,1,1,7,460,6,30,0,0,4,2,2,1,1
200542J026004,42,3,2,1,7,453,6,30,0,0,4,1,2,1,1
200543N131045,43,3,2,1,6,480,1,30,1,0,4,9,2,1,1
200543W139035,43,3,2,1,4,473,6,30,3,0,4,1,1,1,1
200543W282105,43,3,2,1,1,473,6,30,3,4,4,1,1,1,1
200543W563115,43,3,1,1,3,471,3,70,0,0,6,1,2,2,2
2.01E+12,44,3,2,1,1,498,6,30,0,0,4,1,1,1,1
2.01E+12,44,3,3,2,3,498,6,30,9,0,4,1,1,1,1
2.01E+12,44,2,1,1,1,498,6,30,3,0,4,1,1,1,1
2.01E+12,44,3,4,1,7,500,6,30,0,0,4,1,1,1,1
2.01E+12,44,3,1,2,7,501,6,30,0,0,7,9,1,1,2
2.01E+12,44,3,1,1,1,505,6,40,0,0,4,1,1,2,1
2.01E+12,44,3,3,1,1,493,6,30,0,0,1,1,1,1,1
2.01E+12,44,3,2,1,5,500,6,30,3,0,4,1,2,1,2
2005445BB0209,44,3,1,1,3,490,6,30,3,0,4,1,1,1,1
2005445KK0194,44,2,2,1,1,498,6,40,0,0,6,8,1,2,1
2005445OL0204,44,3,1,1,7,497,6,40,0,0,6,2,2,2,1
2005445SC0104,44,3,1,2,4,500,6,30,0,0,4,2,2,1,1
200545RU64926,45,2,1,1,5,514,6,30,8,0,6,1,1,2,1
200545SP66664,45,2,1,1,1,40,6,30,3,0,4,1,1,1,1
200545SU69931,45,3,1,1,5,515,6,30,3,0,4,1,1,2,1
200545WA70288,45,3,1,1,1,517,6,60,3,0,6,1,1,2,1
200545WO67874,45,3,2,2,7,518,6,30,9,0,4,1,1,1,1
2.01E+12,46,3,1,1,6,544,2,30,3,1,4,2,2,1,1
2.01E+12,46,2,1,1,6,544,6,30,6,5,4,1,1,1,1
2.01E+12,46,3,1,1,7,535,1,30,1,0,4,1,1,1,1
2.01E+12,46,3,1,1,4,536,6,60,0,0,6,1,1,2,1
2.01E+12,46,3,1,1,3,542,7,60,5,0,7,1,2,2,1
2.01E+12,47,3,2,3,4,555,6,60,0,0,6,1,2,2,1
2.01E+12,47,3,2,2,3,565,6,30,3,0,4,1,1,1,2
2.01E+12,47,3,2,2,1,565,3,70,0,0,6,2,2,2,1
2.01E+12,47,3,2,2,4,565,6,30,6,0,4,1,2,1,1
200550A23A296,50,1,2,6,1,592,6,60,0,0,6,4,2,2,1
200550A33H175,50,2,1,1,1,594,6,60,3,0,6,1,1,2,1
200550B31J530,50,3,2,1,3,593,6,60,0,0,6,1,1,2,1
200550B41G169,50,3,2,1,4,595,6,30,9,0,1,1,1,1,1
200550B53N786,50,3,1,1,6,590,6,60,0,0,6,1,1,2,1
200550C43H895,50,2,1,1,6,588,6,60,0,0,1,1,1,2,1
200550F21B730,50,2,3,2,2,587,6,60,0,0,1,1,1,1,1
200550F31B163,50,3,2,1,3,587,6,40,1,0,1,1,1,2,1
200550F41G171,50,3,4,4,7,585,6,60,5,0,6,1,1,2,1
2.01E+12,52,3,1,1,1,610,6,30,0,0,4,1,1,1,1
2.01E+12,52,3,1,1,7,601,6,30,0,4,4,1,1,1,1
2.01E+12,52,3,2,2,4,605,6,40,3,0,4,1,1,2,1
2.01E+12,52,3,1,1,5,608,6,30,9,0,4,2,2,1,1
2.01E+12,52,3,2,1,4,601,6,30,0,0,4,2,2,1,1
2.01E+12,52,3,1,2,7,606,6,60,0,0,6,8,2,2,1
2.01E+12,52,3,1,1,7,612,6,30,3,8,4,8,4,1,1
2.01E+12,52,2,5,1,2,601,6,30,0,0,4,1,4,1,1
2.01E+12,52,3,2,2,7,612,6,30,3,0,4,8,4,2,1
2.01E+12,53,2,1,2,7,622,6,60,0,0,6,1,2,2,1
2.01E+12,53,2,1,2,7,622,6,60,0,0,6,2,2,2,1
2.01E+12,53,3,1,2,1,623,6,30,0,0,4,1,1,1,1
2.01E+12,53,3,1,1,6,625,6,50,3,0,6,3,4,1,1
200554CK51305,54,1,1,1,3,631,6,50,0,0,6,1,1,2,1
200554CM39305,54,3,1,3,7,634,1,60,1,0,4,1,1,1,1
200554CW15105,54,2,1,1,1,634,6,30,0,0,4,1,1,2,1
2005555B04479,55,3,2,1,2,640,9,20,3,0,5,1,1,1,1
2005600AN3013,60,3,1,2,6,720,6,40,3,0,6,2,2,2,1
2005600CO5020,60,2,1,1,6,721,6,30,0,0,4,1,1,2,1
2005600FL5027,60,2,1,3,3,724,1,60,1,0,4,1,2,1,1
2.01E+12,61,1,1,4,1,731,6,30,0,0,4,1,1,2,1
2.01E+12,61,2,1,1,7,730,6,30,3,0,4,2,2,2,1
2.01E+12,61,2,5,4,5,731,6,30,0,0,7,1,2,1,1
2.01E+12,62,3,2,2,7,741,3,30,0,0,4,9,1,1,2
2.01E+12,62,3,1,1,6,741,6,30,0,0,4,1,1,1,1
2.01E+12,62,3,2,1,1,741,6,30,9,0,4,8,2,1,1
2.01E+12,62,3,1,2,5,745,6,60,0,0,7,1,1,2,1
2.01E+12,62,3,1,1,4,745,6,30,3,0,4,1,1,1,1
2.01E+12,62,3,1,2,1,741,6,30,0,0,4,1,1,1,1
200563AC14205,63,3,2,4,7,751,6,30,3,0,4,1,2,2,2
200563CP29705,63,2,2,1,3,752,2,30,0,0,4,2,2,1,1
200591NK00888,91,3,2,1,1,933,6,30,9,0,4,1,2,2,1
200591NN35325,91,3,1,1,5,927,3,60,0,0,4,1,1,2,1
2.01E+12,92,3,1,1,1,911,6,30,0,0,6,4,2,2,1
2.01E+12,92,3,3,1,1,910,6,30,3,0,4,2,2,1,1
2.01E+12,92,3,1,1,7,930,7,30,0,0,1,2,2,1,1
2.01E+12,93,3,1,1,3,934,6,60,8,0,6,2,2,2,1
2.01E+12,94,3,1,2,7,925,6,40,0,0,4,2,2,1,2
2.01E+12,94,2,2,1,7,925,6,30,3,4,4,1,1,2,1
2.01E+12,94,3,1,1,7,925,6,60,0,0,6,1,1,2,1
2.01E+12,95,3,2,1,4,923,6,30,3,0,4,1,1,1,1
2.01E+12,95,3,1,1,6,923,2,70,0,0,4,1,1,2,1
200597AC00108,97,3,1,1,2,926,6,30,0,0,4,1,1,1,1
200597AD01407,97,3,2,1,7,926,6,30,6,0,4,1,1,1,1
200597CA03709,97,3,2,2,6,926,3,30,9,5,4,2,2,1,1
200597EA70203,97,3,1,2,6,926,3,40,0,0,4,2,2,1,1
200597EA70301,97,2,1,1,2,926,6,30,0,4,4,2,2,1,1
200597EB04509,97,3,1,1,7,926,6,30,0,0,4,1,1,1,1
200597ED00411,97,3,1,1,1,926,3,40,0,0,4,1,1,1,1
200597GA70205,97,1,1,1,2,926,6,30,0,0,4,1,2,1,1
200597GE00105,97,3,2,2,1,926,3,50,3,0,4,1,1,1,1
200597LA03107,97,2,1,1,7,913,6,30,0,4,4,1,1,1,1
200597QB05507,97,3,1,2,1,938,6,30,0,0,4,1,2,1,1
200597QB70607,97,3,1,1,6,938,3,70,5,0,4,2,2,1,1
200597UC02007,97,3,1,1,2,919,1,30,1,0,4,1,1,1,1
200501BS70049,1,3,1,1,6,12,6,30,6,5,4,2,2,1,1
200501HT20093,1,2,1,2,4,5,6,30,0,0,4,1,1,1,1
200501TD00113,1,2,1,1,7,19,6,30,0,0,4,1,1,1,1
200504C008205,4,2,2,1,1,84,3,70,0,0,6,1,2,2,1
2.01E+12,7,2,1,2,5,121,6,60,0,0,4,1,1,1,1
2.01E+12,10,3,1,1,3,142,6,30,3,0,4,1,1,2,1
2.01E+12,10,3,2,2,7,148,6,30,6,0,4,1,1,1,1
2.01E+12,12,2,1,1,4,186,6,30,3,0,4,1,1,1,1
2.01E+12,12,3,3,1,7,189,6,30,3,0,4,1,2,1,-1
200514D076305,14,3,1,1,7,215,3,30,0,5,4,1,1,1,1
200514F033605,14,3,2,3,5,215,3,30,3,0,4,1,1,1,1
200520F305002,20,3,1,1,4,300,6,30,0,4,4,8,1,1,1
200520H027002,20,2,2,1,7,307,6,30,0,0,4,1,1,1,1
200520K062001,20,3,2,1,3,305,3,40,5,0,4,1,1,1,1
200530D000491,30,3,3,1,2,323,6,30,3,0,4,1,1,1,1
20053102C1033,31,2,3,3,6,346,6,30,3,0,4,1,1,1,1
200537G016949,37,3,1,1,2,412,6,30,3,5,4,8,2,1,1
200540B004240,40,3,2,1,2,420,6,60,0,0,4,1,1,2,1
200542F050111,42,3,1,1,4,462,6,50,0,0,6,1,1,2,1
200543N004025,43,3,1,1,3,477,6,60,0,0,6,1,1,2,1
200543N303105,43,2,1,3,7,478,6,60,0,0,6,1,2,2,1
2.01E+12,44,3,1,1,3,496,6,60,3,0,6,7,2,2,1
200545TA73770,45,3,1,1,7,516,3,70,0,0,6,1,1,2,1
2.01E+12,47,2,1,2,2,551,6,30,3,1,4,1,1,1,1
2005555W04419,55,3,2,1,6,645,6,60,3,0,6,2,1,2,1
2.01E+12,92,3,1,1,7,911,6,60,0,0,1,2,2,2,1
2.01E+12,94,3,1,1,4,925,6,30,0,0,4,2,2,1,1
200501CW10311,1,3,3,2,3,1,6,30,6,5,4,1,1,1,1
200501CW10450,1,2,2,1,4,1,6,30,3,4,4,1,1,1,1
200501TA00112,1,2,2,1,3,2,2,30,3,0,4,1,1,1,1
200501YE80292,1,3,2,8,5,32,6,30,6,5,4,1,1,1,1
200505FT00470,5,3,2,6,5,91,6,30,3,0,4,2,2,1,1
2.01E+12,12,3,2,1,1,180,6,30,3,0,4,1,1,1,1
200532D516105,32,3,2,3,2,352,6,30,3,0,4,1,1,1,1
2.01E+12,36,3,1,1,5,402,6,30,6,0,7,1,1,1,1
200540B024910,40,3,1,1,1,420,6,30,3,4,4,8,2,1,1
20054100A0797,41,3,1,1,7,432,6,30,0,0,6,1,1,2,2
200542C063210,42,2,2,4,7,458,6,60,0,0,6,1,1,2,1
200543N552115,43,2,2,2,1,477,6,60,3,0,6,1,2,2,1
200543P282125,43,3,1,1,3,485,6,60,0,0,6,1,4,2,1
200550C42D114,50,2,2,3,7,588,6,60,0,0,6,1,1,2,1
2.01E+12,52,3,2,1,7,601,3,70,0,0,6,1,1,2,1
2.01E+12,52,3,1,1,1,612,6,30,0,0,4,1,1,1,1
2.01E+12,53,3,1,1,7,621,1,30,1,7,4,1,2,2,1
2005555E00945,55,2,2,3,1,642,6,30,6,0,1,1,1,2,1
2.01E+12,62,3,1,1,1,741,6,30,0,0,4,1,1,1,1
2.01E+12,95,3,1,1,1,914,6,60,0,0,6,1,1,2,2
200501HT20189,1,3,1,1,4,5,6,30,0,0,4,1,1,1,1
200501QK50873,1,2,2,4,7,28,6,30,6,5,4,8,2,1,1
200501TE00203,1,2,1,2,6,21,2,30,3,4,4,1,1,1,1
200501YR90461,1,3,1,1,4,31,6,30,3,0,4,2,2,1,1
2.01E+12,7,2,3,1,6,121,9,30,0,0,7,9,1,1,1
200514A095405,14,2,1,1,1,211,6,60,0,0,6,1,1,2,2
200514C147505,14,2,1,1,6,213,1,40,1,0,4,2,2,1,1
200514D171605,14,3,2,1,7,215,1,30,1,0,4,2,2,1,1
2005170S21805,17,3,1,1,6,245,1,50,1,0,4,1,1,2,1
200520H004501,20,3,1,1,4,307,1,30,1,0,4,2,2,1,2
200520K101401,20,3,2,1,2,305,3,40,6,5,4,2,2,1,1
200520M501802,20,3,2,1,6,302,6,30,3,1,4,1,1,1,1
200530A000164,30,3,1,2,7,320,6,30,0,0,4,1,1,1,1